colton,hey
<<<<<<< HEAD
Cloudy,Hi
Cloudy,Hi
Cloudy,Hi
Cloudy,Henlo
Cloudy,Hi Yagritty
Cloudy,Hi Yagritty
Cloudy,こんにちは
Cloudy,こんにちは
Cloudy,こんにちは
Cloudy,こんにちは、yagさん
Cloudy,Does it have swear block?
Cloudy,Does it have swear block?
Cloudy,Does it have swear block?
Cloudy,Does it have swear block?
Cloudy,Fuck
Cloudy,Fuck
Cloudy,Fuck
Cloudy,Fuck
Cloudy,Fuck
Cloudy,Fuck
Cloudy,Fuck
Cloudy,Fuck
Cloudy,Fuck
Cloudy,Fuck
Cloudy,Fuck
Cloudy,Fuck
colton,Weezer
Cloudy,Macaroni 
Cloudy,Macaroni 
Cloudy,Macaroni 
Cloudy,Macaroni 
Cloudy,Son of a boggo-dowoggo flocking night of the fort
Cloudy,Son of a boggo-dowoggo flocking night of the fort
Cloudy,Son of a boggo-dowoggo flocking night of the fort
Cloudy,Son of a boggo-dowoggo flocking night of the fort
Cloudy,Son of a boggo-dowoggo flocking night of the fort
Cloudy,Son of a boggo-dowoggo flocking night of the fort
Cloudy,Son of a boggo-dowoggo flocking night of the fort
Cloudy,Son of a boggo-dowoggo flocking night of the fort
Cloudy,Son of a boggo-dowoggo flocking night of the fort
Cloudy, 
Cloudy,Rknufs
Cloudy,Cgf
Lagthecat,is there a fucking filter
Lagthecat,no
Lagthecat,no
colton,Weezer
=======
colton,hey
colton,hey
colton,hey
colton,hey
colton,hey
colton,hey
colton,hey
colton,hey
colton,hey
>>>>>>> 851be8a0f4c6d3a19441b34fdb6df720ea9cc92d
